jvm;options;iteration;exitcode;duration;DRAM;CPU
16.0.0.j9-adpt;deafult;1;0;17104447;221301526;790449698
16.0.0.hs-adpt;deafult;1;0;18994541;244955540;864933333
11.0.11.j9-adpt;deafult;1;0;17234464;221413400;789575738
11.0.11.hs-adpt;deafult;1;0;19015639;248771864;880437627
11.0.10.j9-adpt;deafult;1;0;17101936;221210338;794156353
11.0.10.hs-adpt;deafult;1;0;20413964;264659155;937235210
8.0.292.j9-adpt;deafult;1;0;17091734;218767264;780679886
8.0.292.hs-adpt;deafult;1;0;23567867;308118607;1090185869
8.0.282.j9-adpt;deafult;1;0;17019756;219057322;784304694
8.0.282.hs-adpt;deafult;1;0;23676295;307963617;1097526243
11.0.9.4-albba;deafult;1;0;19720505;254997694;918332427
8.5.5-albba;deafult;1;0;23579638;305847521;1095965090
16.0.1.9.1-amzn;deafult;1;0;18947529;244668620;867028604
16.0.0.36.1-amzn;deafult;1;0;18964256;245696810;880425420
15.0.2.7.1-amzn;deafult;1;0;20400758;262734691;938578896
11.0.11.9.1-amzn;deafult;1;0;18982377;245655056;870398650
11.0.10.9.1-amzn;deafult;1;0;19708104;255982984;909478812
8.292.10.1-amzn;deafult;1;0;23636154;306750267;1113050130
8.282.08.1-amzn;deafult;1;0;23706593;307131098;1114534989
16.0.0-zulu;deafult;1;0;19021069;244131405;877231337
16.0.0.fx-zulu;deafult;1;0;18994460;244866861;865740337
15.0.2.fx-zulu;deafult;1;0;20407225;265586028;957713247
11.0.11-zulu;deafult;1;0;18227570;235415898;829590162
11.0.10-zulu;deafult;1;0;19628004;253382168;897690818
11.0.10.fx-zulu;deafult;1;0;20439311;267919447;954777768
8.0.292-zulu;deafult;1;0;23623573;307627522;1098983576
8.0.282-zulu;deafult;1;0;23629599;306230556;1096295656
8.0.282.fx-zulu;deafult;1;0;23571169;305943406;1095081913
16.0.1.fx-librca;deafult;1;0;18997667;244828780;864657760
16.0.1-librca;deafult;1;0;19058895;246915914;878944831
16.0.0.fx-librca;deafult;1;0;18949143;245419940;875555864
16.0.0-librca;deafult;1;0;18899910;245175630;885124382
11.0.11.fx-librca;deafult;1;0;19093859;246103193;870691740
11.0.11-librca;deafult;1;0;18962551;244926086;874795490
11.0.10.fx-librca;deafult;1;0;20429752;264463683;955548335
11.0.10-librca;deafult;1;0;20332070;262468838;932495964
8.0.292.fx-librca;deafult;1;0;23789024;307956013;1158189235
8.0.292-librca;deafult;1;0;23690313;307268339;1098620540
8.0.282.fx-librca;deafult;1;0;23482347;305253038;1109756437
8.0.282-librca;deafult;1;0;23613704;306364369;1122099239
21.1.0.r16-grl;deafult;1;0;24658479;318914623;1135913473
21.1.0.r11-grl;deafult;1;0;24725216;320556436;1148145254
21.1.0.r8-grl;deafult;1;0;24611417;319656719;1155385776
21.0.0.2.r11-grl;deafult;1;0;24669697;319581565;1136203329
21.0.0.2.r8-grl;deafult;1;0;24721432;321353565;1148731617
20.3.2.r11-grl;deafult;1;0;24882857;323113861;1145772579
20.3.2.r8-grl;deafult;1;0;24717700;320525820;1159270836
20.3.1.2.r11-grl;deafult;1;0;24709796;319765195;1132534210
20.3.1.2.r8-grl;deafult;1;0;24780180;321081639;1172033620
19.3.6.r11-grl;deafult;1;0;24823414;321027568;1145099730
19.3.6.r8-grl;deafult;1;0;24916158;323926429;1173956285
19.3.5.r11-grl;deafult;1;0;24493741;320617590;1127627424
19.3.5.r8-grl;deafult;1;0;24787904;321431549;1152846108
17.ea.19-open;deafult;1;0;19043792;245878589;883805172
17.ea.6.lm-open;deafult;1;0;19078558;245993186;879522528
17.ea.2.pma-open;deafult;1;0;18978479;244598729;878585885
16-open;deafult;1;0;19008738;247498109;874026754
16.0.1-open;deafult;1;0;18972402;245367584;868263402
11.0.11-open;deafult;1;0;19078025;246362206;893794160
11.0.10-open;deafult;1;0;19577746;254671131;896578332
11.0.2-open;deafult;1;0;20346584;266042520;944320703
8.0.292-open;deafult;1;0;23578013;305927172;1091871168
8.0.282-open;deafult;1;0;23616249;305993498;1092390941
8.0.265-open;deafult;1;0;23592459;306343744;1095027714
21.0.0.0-mandrel;deafult;1;0;20423086;263721893;946230671
20.3.1.2-mandrel;deafult;1;0;19749572;256926704;944123254
11.0.11.9.1-ms;deafult;1;0;18264533;235538971;832297979
11.0.10.9-ms;deafult;1;0;20367820;263109664;934314198
16-sapmchn;deafult;1;0;18996608;245366835;892246068
16.0.1-sapmchn;deafult;1;0;18987989;246395056;882285094
15.0.2-sapmchn;deafult;1;0;20406249;266037563;948474745
11.0.11-sapmchn;deafult;1;0;19049586;246481623;876901869
11.0.10-sapmchn;deafult;1;0;20322004;265319120;957991200
11.0.9-trava;deafult;1;0;19651686;255219882;901960702
8.0.232-trava;deafult;1;0;23738453;308983607;1113219318
20.2.0.r11-grl; -XX:-UseJVMCICompiler;1;0;19784703;254931477;899588761
20.2.0.r11-grl; -Dgraal.CompilerConfiguration=community;1;0;24921672;325736296;1157520718
20.2.0.r11-grl; -Dgraal.CompilerConfiguration=economy;1;0;17580081;229008075;829480847
15.0.1.j9-adpt; -XcompilationThreads1;1;0;16995494;218740687;791227345
15.0.1.j9-adpt; -XcompilationThreads3;1;0;17159121;221615650;788955622
15.0.1.j9-adpt; -XcompilationThreads7;1;0;17129257;221447779;787390318
15.0.1.j9-adpt; -Xjit:count=0;1;0;23252204;302244705;1105656533
15.0.1.j9-adpt; -Xjit:count=1;1;0;15430090;198146430;730065453
15.0.1.j9-adpt; -Xjit:count=10;1;0;16819955;218265057;785744083
15.0.1.j9-adpt; -Xjit:count=100;1;0;17397836;227978552;814615590
15.0.1.j9-adpt; -Xjit:optlevel=cold;1;0;23744066;308408282;1116856821
15.0.1.j9-adpt; -Xjit:optlevel=warm;1;0;15994341;208654928;752723232
15.0.1.j9-adpt; -Xjit:optlevel=hot;1;0;25303891;329674639;1167405704
15.0.1.j9-adpt; -Xjit:optlevel=veryhot;1;0;25301430;332493282;1173285570
15.0.1.j9-adpt; -Xjit:optlevel=scorching;1;0;25409371;330690405;1178286718
15.0.1-open; -XX:-TieredCompilation;1;0;20443395;265535356;951410284
15.0.1-open; -XX:TieredStopAtLevel=1;1;0;14892278;190597071;694768058
15.0.1-open; -XX:TieredStopAtLevel=2;1;0;25982313;337173642;1246321883
15.0.1-open; -XX:TieredStopAtLevel=3;1;0;38430418;503222310;1870411533
15.0.1-open; -XX:TieredStopAtLevel=4;1;0;20386885;264986987;932971428
15.0.1-open; -XX:+UnlockExperimentalVMOptions -XX:+EnableJVMCI -XX:-UseJVMCICompiler;1;0;20221861;262554196;946708331
20.2.0.r11-grl; -XX:+UseG1GC;1;0;25554007;334565911;1204281097
20.2.0.r11-grl; -XX:ParallelGCThreads=5;1;0;25018447;325256488;1143834840
20.2.0.r11-grl; -XX:ConcGCThreads=5;1;0;24925839;324659896;1149167530
20.2.0.r11-grl; -XX:ParallelGCThreads=1;1;0;24969703;325687963;1159602011
20.2.0.r11-grl; -XX:ConcGCThreads=1;1;0;24966065;326176675;1159790427
20.2.0.r11-grl; -XX:+DisableExplicitGC;1;0;25075218;327278858;1170126338
20.2.0.r11-grl; -XX:+UseParallelGC;1;0;24944616;324507752;1149388781
20.2.0.r11-grl; -XX:+UseParallelOldGC;1;0;25004243;325821150;1152861062
20.2.0.r11-grl; -XX:MaxGCPauseMillis=5000 -XX:GCTimeRatio=2;1;0;25045199;324849294;1156282074
15.0.1.j9-adpt; -Xgc:concurrentScavenge;1;0;17156374;220559766;792674973
15.0.1.j9-adpt; -Xgc:scvNoAdaptiveTenure;1;0;17154463;225841312;824160366
15.0.1.j9-adpt; -Xgcpolicy:balanced;1;0;17054632;220842357;789956473
15.0.1.j9-adpt; -Xgcpolicy:gencon;1;0;17233995;221321386;795299355
15.0.1.j9-adpt; -Xgcpolicy:metronome;1;0;17662222;229898947;861264031
15.0.1.j9-adpt; -Xgcpolicy:nogc;1;0;17168356;221423436;791589587
15.0.1.j9-adpt; -Xgcpolicy:optavgpause;1;0;17048164;218445428;779368976
15.0.1.j9-adpt; -Xgcpolicy:optthruput;1;0;17294983;222924321;799989773
15.0.1-open; -XX:+UseG1GC;1;0;20392558;266522114;956496087
15.0.1-open; -XX:ParallelGCThreads=5;1;0;20486476;264896137;933081534
15.0.1-open; -XX:ConcGCThreads=5;1;0;20434951;268098902;967198940
15.0.1-open; -XX:ParallelGCThreads=1;1;0;20345420;263032183;932383479
15.0.1-open; -XX:ConcGCThreads=1;1;0;20420982;267938404;951879949
15.0.1-open; -XX:+DisableExplicitGC;1;0;20400968;263763386;941508576
15.0.1-open; -XX:+UseParallelGC;1;0;20339573;264901981;942371306
15.0.1-open; -XX:+UseParallelOldGC;1;0;20397882;263469978;940744418
15.0.1-open; -XX:+UseSerialGC;1;0;20372868;263668312;950555795
15.0.1-open; -XX:+UnlockExperimentalVMOptions -XX:+UseEpsilonGC -XX:+AlwaysPreTouch;1;0;20812691;270088682;954069884
16.0.0.j9-adpt;deafult;2;0;17130641;224944808;806925120
16.0.0.hs-adpt;deafult;2;0;18873639;246463951;871895717
11.0.11.j9-adpt;deafult;2;0;17005658;220014183;787097900
11.0.11.hs-adpt;deafult;2;0;18392645;237497845;843076210
11.0.10.j9-adpt;deafult;2;0;17126177;220280129;791016773
11.0.10.hs-adpt;deafult;2;0;20342853;262786236;926709480
8.0.292.j9-adpt;deafult;2;0;17050000;222727286;793539107
8.0.292.hs-adpt;deafult;2;0;23581952;306268668;1090675431
8.0.282.j9-adpt;deafult;2;0;17133079;221098770;793052964
8.0.282.hs-adpt;deafult;2;0;23647998;306320030;1089985857
11.0.9.4-albba;deafult;2;0;19730151;254234347;906131103
8.5.5-albba;deafult;2;0;23653108;306779719;1105889198
16.0.1.9.1-amzn;deafult;2;0;19052550;246110246;885303215
16.0.0.36.1-amzn;deafult;2;0;18936008;245416421;871865078
15.0.2.7.1-amzn;deafult;2;0;21124027;273981002;998828070
11.0.11.9.1-amzn;deafult;2;0;18290861;235853157;834654419
11.0.10.9.1-amzn;deafult;2;0;20382792;264739970;959995039
8.292.10.1-amzn;deafult;2;0;23584548;307159175;1108642609
8.282.08.1-amzn;deafult;2;0;23540701;305428867;1107513400
16.0.0-zulu;deafult;2;0;19132405;247596380;890929787
16.0.0.fx-zulu;deafult;2;0;19003432;246380292;872828577
15.0.2.fx-zulu;deafult;2;0;20430450;264045671;937348125
11.0.11-zulu;deafult;2;0;18435845;238794535;860162655
11.0.10-zulu;deafult;2;0;19681142;254101160;901969981
11.0.10.fx-zulu;deafult;2;0;19751213;255995468;913658123
8.0.292-zulu;deafult;2;0;23692304;307411119;1091496780
8.0.282-zulu;deafult;2;0;23566881;305509390;1081518411
8.0.282.fx-zulu;deafult;2;0;23681099;307410905;1096813171
16.0.1.fx-librca;deafult;2;0;18950870;245064429;868891941
16.0.1-librca;deafult;2;0;19061528;245784065;888721724
16.0.0.fx-librca;deafult;2;0;19041146;246073051;872398951
16.0.0-librca;deafult;2;0;18984386;245344359;884429926
11.0.11.fx-librca;deafult;2;0;18442327;238986902;854359690
11.0.11-librca;deafult;2;0;18252804;234550959;832317694
11.0.10.fx-librca;deafult;2;0;20337511;262232117;928438480
11.0.10-librca;deafult;2;0;19834250;256698825;907852594
8.0.292.fx-librca;deafult;2;0;23607501;305604342;1112743611
8.0.292-librca;deafult;2;0;23472588;304043665;1089427753
8.0.282.fx-librca;deafult;2;0;23475859;306403981;1108850005
8.0.282-librca;deafult;2;0;23655618;306386906;1093640877
21.1.0.r16-grl;deafult;2;0;24504124;318915525;1130628087
21.1.0.r11-grl;deafult;2;0;24732842;320514850;1135767478
21.1.0.r8-grl;deafult;2;0;24797359;323370304;1173575792
21.0.0.2.r11-grl;deafult;2;0;24753994;321961526;1150680222
21.0.0.2.r8-grl;deafult;2;0;24625183;320229475;1175359662
20.3.2.r11-grl;deafult;2;0;24834842;322085778;1131981233
20.3.2.r8-grl;deafult;2;0;24782285;322530318;1167230410
20.3.1.2.r11-grl;deafult;2;0;24742645;321736493;1133630032
20.3.1.2.r8-grl;deafult;2;0;24788794;322197911;1174845625
19.3.6.r11-grl;deafult;2;0;24767949;321305294;1148507192
19.3.6.r8-grl;deafult;2;0;24757137;322333683;1156013764
19.3.5.r11-grl;deafult;2;0;25134522;330705109;1173346544
19.3.5.r8-grl;deafult;2;0;24680358;321913500;1161672380
17.ea.19-open;deafult;2;0;19004016;244884212;871108915
17.ea.6.lm-open;deafult;2;0;19017595;245686848;869880219
17.ea.2.pma-open;deafult;2;0;19005088;246237221;867492286
16-open;deafult;2;0;19024666;247071500;886092336
16.0.1-open;deafult;2;0;18932439;244816876;872519311
11.0.11-open;deafult;2;0;18385792;238087767;842579691
11.0.10-open;deafult;2;0;20423366;267448926;947505265
11.0.2-open;deafult;2;0;19818056;256651166;908149347
8.0.292-open;deafult;2;0;23600930;307821801;1103739666
8.0.282-open;deafult;2;0;23740394;307967045;1104553202
8.0.265-open;deafult;2;0;23715035;306810823;1098634273
21.0.0.0-mandrel;deafult;2;0;19729538;254975968;912884077
20.3.1.2-mandrel;deafult;2;0;20383847;264406491;952824465
11.0.11.9.1-ms;deafult;2;0;19127229;247346273;885189323
11.0.10.9-ms;deafult;2;0;20476580;265717625;941817841
16-sapmchn;deafult;2;0;18948622;247392447;880403812
16.0.1-sapmchn;deafult;2;0;18957811;246164302;870398590
15.0.2-sapmchn;deafult;2;0;20437997;264986927;943775538
11.0.11-sapmchn;deafult;2;0;19023061;245898724;867797461
11.0.10-sapmchn;deafult;2;0;20324475;264082422;960285384
11.0.9-trava;deafult;2;0;19619643;255074042;899779617
8.0.232-trava;deafult;2;0;23743959;308486510;1126395798
20.2.0.r11-grl; -XX:-UseJVMCICompiler;2;0;19786929;257976298;909775931
20.2.0.r11-grl; -Dgraal.CompilerConfiguration=community;2;0;24984598;325570918;1158390284
20.2.0.r11-grl; -Dgraal.CompilerConfiguration=economy;2;0;17383962;225484438;844146032
15.0.1.j9-adpt; -XcompilationThreads1;2;0;17273269;223151984;801119776
15.0.1.j9-adpt; -XcompilationThreads3;2;0;17180589;221264913;788369991
15.0.1.j9-adpt; -XcompilationThreads7;2;0;17228900;222490381;799351713
15.0.1.j9-adpt; -Xjit:count=0;2;0;23421472;304588850;1114282304
15.0.1.j9-adpt; -Xjit:count=1;2;0;15483200;201552913;758198376
15.0.1.j9-adpt; -Xjit:count=10;2;0;16829716;219347716;806526745
15.0.1.j9-adpt; -Xjit:count=100;2;0;18476497;239044169;849015160
15.0.1.j9-adpt; -Xjit:optlevel=cold;2;0;23722188;309820410;1110430873
15.0.1.j9-adpt; -Xjit:optlevel=warm;2;0;16001129;208167103;770815959
15.0.1.j9-adpt; -Xjit:optlevel=hot;2;0;25245309;329289201;1165702094
15.0.1.j9-adpt; -Xjit:optlevel=veryhot;2;0;25313272;333433465;1198918256
15.0.1.j9-adpt; -Xjit:optlevel=scorching;2;0;25434218;332380016;1209068926
15.0.1-open; -XX:-TieredCompilation;2;0;20303288;265171797;946548175
15.0.1-open; -XX:TieredStopAtLevel=1;2;0;14970853;191350552;691523559
15.0.1-open; -XX:TieredStopAtLevel=2;2;0;25959947;338427800;1239780945
15.0.1-open; -XX:TieredStopAtLevel=3;2;0;38631758;504578073;1882481997
15.0.1-open; -XX:TieredStopAtLevel=4;2;0;20297851;262957613;935085435
15.0.1-open; -XX:+UnlockExperimentalVMOptions -XX:+EnableJVMCI -XX:-UseJVMCICompiler;2;0;20504196;265169991;942906216
20.2.0.r11-grl; -XX:+UseG1GC;2;0;25024708;324308851;1153875403
20.2.0.r11-grl; -XX:ParallelGCThreads=5;2;0;25014843;326165353;1168447571
20.2.0.r11-grl; -XX:ConcGCThreads=5;2;0;25057730;325878143;1148797902
20.2.0.r11-grl; -XX:ParallelGCThreads=1;2;0;24917625;325131472;1163430554
20.2.0.r11-grl; -XX:ConcGCThreads=1;2;0;25134598;326816063;1150524643
20.2.0.r11-grl; -XX:+DisableExplicitGC;2;0;24956791;322321382;1162126541
20.2.0.r11-grl; -XX:+UseParallelGC;2;0;25231223;327476227;1169002989
20.2.0.r11-grl; -XX:+UseParallelOldGC;2;0;24730641;322064236;1143330752
20.2.0.r11-grl; -XX:MaxGCPauseMillis=5000 -XX:GCTimeRatio=2;2;0;25105399;328127013;1158552760
15.0.1.j9-adpt; -Xgc:concurrentScavenge;2;0;17123572;219423910;788555903
15.0.1.j9-adpt; -Xgc:scvNoAdaptiveTenure;2;0;17429984;223763771;797380100
15.0.1.j9-adpt; -Xgcpolicy:balanced;2;0;17225731;222847515;789981315
15.0.1.j9-adpt; -Xgcpolicy:gencon;2;0;17232719;221917672;800030973
15.0.1.j9-adpt; -Xgcpolicy:metronome;2;0;17562810;231342624;861893851
15.0.1.j9-adpt; -Xgcpolicy:nogc;2;0;16982822;218321423;793974713
15.0.1.j9-adpt; -Xgcpolicy:optavgpause;2;0;17000350;217751375;792074998
15.0.1.j9-adpt; -Xgcpolicy:optthruput;2;0;17210404;221480536;791608325
15.0.1-open; -XX:+UseG1GC;2;0;20473846;266101241;948844434
15.0.1-open; -XX:ParallelGCThreads=5;2;0;20356749;263287388;936246077
15.0.1-open; -XX:ConcGCThreads=5;2;0;20355563;264443487;953486206
15.0.1-open; -XX:ParallelGCThreads=1;2;0;20278826;263120418;945432760
15.0.1-open; -XX:ConcGCThreads=1;2;0;20355868;263762331;928596866
15.0.1-open; -XX:+DisableExplicitGC;2;0;20426380;263728533;948697034
15.0.1-open; -XX:+UseParallelGC;2;0;20395162;263031251;929729308
15.0.1-open; -XX:+UseParallelOldGC;2;0;20298210;263295283;933731069
15.0.1-open; -XX:+UseSerialGC;2;0;20402057;266199238;944252343
15.0.1-open; -XX:+UnlockExperimentalVMOptions -XX:+UseEpsilonGC -XX:+AlwaysPreTouch;2;0;20807390;271088659;958005238
16.0.0.j9-adpt;deafult;3;0;17307994;222521303;794884073
16.0.0.hs-adpt;deafult;3;0;19021369;244620317;871028837
11.0.11.j9-adpt;deafult;3;0;17032811;219190401;793814253
11.0.11.hs-adpt;deafult;3;0;18390618;238622151;863093555
11.0.10.j9-adpt;deafult;3;0;16990582;219923714;793926739
11.0.10.hs-adpt;deafult;3;0;20361461;264467049;948432142
8.0.292.j9-adpt;deafult;3;0;17235918;222716407;828618789
8.0.292.hs-adpt;deafult;3;0;23573191;307886843;1113114460
8.0.282.j9-adpt;deafult;3;0;17256241;222232637;786150576
8.0.282.hs-adpt;deafult;3;0;23611479;307610186;1112271200
11.0.9.4-albba;deafult;3;0;20273421;262991716;950007517
8.5.5-albba;deafult;3;0;23625437;308501642;1135079003
16.0.1.9.1-amzn;deafult;3;0;19135587;246125011;868625950
16.0.0.36.1-amzn;deafult;3;0;18978595;244611657;888943769
15.0.2.7.1-amzn;deafult;3;0;20320045;261674645;947396134
11.0.11.9.1-amzn;deafult;3;0;18450428;237617384;838877613
11.0.10.9.1-amzn;deafult;3;0;20336287;263884623;950969123
8.292.10.1-amzn;deafult;3;0;23645924;307729634;1142180364
8.282.08.1-amzn;deafult;3;0;23754800;307598880;1111925315
16.0.0-zulu;deafult;3;0;19250245;250438632;891083900
16.0.0.fx-zulu;deafult;3;0;19122225;246023189;863374316
15.0.2.fx-zulu;deafult;3;0;20400868;263393830;955572871
11.0.11-zulu;deafult;3;0;18945340;244230947;885563712
11.0.10-zulu;deafult;3;0;19796546;257687037;910629199
11.0.10.fx-zulu;deafult;3;0;19581714;252720014;909313774
8.0.292-zulu;deafult;3;0;23805776;307535355;1091487440
8.0.282-zulu;deafult;3;0;23552646;304961023;1088790792
8.0.282.fx-zulu;deafult;3;0;23728994;308408678;1093706672
16.0.1.fx-librca;deafult;3;0;19088340;245738410;862735463
16.0.1-librca;deafult;3;0;19120424;245837691;911120348
16.0.0.fx-librca;deafult;3;0;19037612;244169854;877430615
16.0.0-librca;deafult;3;0;18941626;245340839;881389101
11.0.11.fx-librca;deafult;3;0;18538634;239840137;842585550
11.0.11-librca;deafult;3;0;18389203;236763354;839190968
11.0.10.fx-librca;deafult;3;0;19814866;255352807;909356986
11.0.10-librca;deafult;3;0;20284564;261214667;950474374
8.0.292.fx-librca;deafult;3;0;23548463;305153833;1118914798
8.0.292-librca;deafult;3;0;23613346;306762032;1113745134
8.0.282.fx-librca;deafult;3;0;23725226;305789625;1101001697
8.0.282-librca;deafult;3;0;23672712;306747925;1089222920
21.1.0.r16-grl;deafult;3;0;24728452;320675775;1147090142
21.1.0.r11-grl;deafult;3;0;24744909;321308033;1145249571
21.1.0.r8-grl;deafult;3;0;24687643;319567688;1172322438
21.0.0.2.r11-grl;deafult;3;0;24667321;320750623;1136920796
21.0.0.2.r8-grl;deafult;3;0;24784446;321656659;1184004415
20.3.2.r11-grl;deafult;3;0;24587115;319654454;1134739832
20.3.2.r8-grl;deafult;3;0;24661593;322327166;1172749561
20.3.1.2.r11-grl;deafult;3;0;24810543;322589407;1137937761
20.3.1.2.r8-grl;deafult;3;0;24826234;322820010;1162191544
19.3.6.r11-grl;deafult;3;0;24805086;321170103;1135144311
19.3.6.r8-grl;deafult;3;0;24784312;321735454;1156256134
19.3.5.r11-grl;deafult;3;0;24848486;322492237;1143631594
19.3.5.r8-grl;deafult;3;0;24805529;323497203;1156793425
17.ea.19-open;deafult;3;0;18973272;244240097;891661840
17.ea.6.lm-open;deafult;3;0;19060423;245482670;875484392
17.ea.2.pma-open;deafult;3;0;19050912;245060682;875947526
16-open;deafult;3;0;19174028;246943790;874258687
16.0.1-open;deafult;3;0;19141320;244662162;873597801
11.0.11-open;deafult;3;0;19094243;246657786;881361695
11.0.10-open;deafult;3;0;20356594;263592102;949568309
11.0.2-open;deafult;3;0;19838025;255789959;910674916
8.0.292-open;deafult;3;0;23675712;305179033;1086548122
8.0.282-open;deafult;3;0;23659005;308580345;1105946998
8.0.265-open;deafult;3;0;23607796;304662183;1103284346
21.0.0.0-mandrel;deafult;3;0;19868097;256784873;912798261
20.3.1.2-mandrel;deafult;3;0;19720961;253978960;908604851
11.0.11.9.1-ms;deafult;3;0;19041917;244637529;873482322
11.0.10.9-ms;deafult;3;0;20543552;264933377;974648811
16-sapmchn;deafult;3;0;19055918;244382678;860377375
16.0.1-sapmchn;deafult;3;0;19164105;245562276;874234456
15.0.2-sapmchn;deafult;3;0;20448657;265315188;938813637
11.0.11-sapmchn;deafult;3;0;19142845;246620210;871789516
11.0.10-sapmchn;deafult;3;0;20411842;266411480;954683896
11.0.9-trava;deafult;3;0;19834890;254647829;908913871
8.0.232-trava;deafult;3;0;23579352;308069400;1104669718
20.2.0.r11-grl; -XX:-UseJVMCICompiler;3;0;20427614;264698293;947653885
20.2.0.r11-grl; -Dgraal.CompilerConfiguration=community;3;0;25042415;324355562;1144392150
20.2.0.r11-grl; -Dgraal.CompilerConfiguration=economy;3;0;17658032;230941261;847222929
15.0.1.j9-adpt; -XcompilationThreads1;3;0;17083183;219663125;789487176
15.0.1.j9-adpt; -XcompilationThreads3;3;0;17066984;219380932;792040026
15.0.1.j9-adpt; -XcompilationThreads7;3;0;17219408;221299216;805399549
15.0.1.j9-adpt; -Xjit:count=0;3;0;23269962;301637910;1109237761
15.0.1.j9-adpt; -Xjit:count=1;3;0;15469794;198157216;733882216
15.0.1.j9-adpt; -Xjit:count=10;3;0;16775867;220782106;806280407
15.0.1.j9-adpt; -Xjit:count=100;3;0;17668785;226457028;823429654
15.0.1.j9-adpt; -Xjit:optlevel=cold;3;0;23737185;308752378;1114324600
15.0.1.j9-adpt; -Xjit:optlevel=warm;3;0;16116858;206185646;745059372
15.0.1.j9-adpt; -Xjit:optlevel=hot;3;0;25426172;327558772;1167850525
15.0.1.j9-adpt; -Xjit:optlevel=veryhot;3;0;25199221;326890069;1166403509
15.0.1.j9-adpt; -Xjit:optlevel=scorching;3;0;25215163;326116149;1170338129
15.0.1-open; -XX:-TieredCompilation;3;0;20399357;263444795;936195906
15.0.1-open; -XX:TieredStopAtLevel=1;3;0;15014525;192210274;700376991
15.0.1-open; -XX:TieredStopAtLevel=2;3;0;25889209;336132569;1245493515
15.0.1-open; -XX:TieredStopAtLevel=3;3;0;38435695;501456797;1884200133
15.0.1-open; -XX:TieredStopAtLevel=4;3;0;20503164;264826093;941335602
15.0.1-open; -XX:+UnlockExperimentalVMOptions -XX:+EnableJVMCI -XX:-UseJVMCICompiler;3;0;20493543;266414723;953301576
20.2.0.r11-grl; -XX:+UseG1GC;3;0;25059349;323791040;1158517177
20.2.0.r11-grl; -XX:ParallelGCThreads=5;3;0;25254632;328235277;1163070265
20.2.0.r11-grl; -XX:ConcGCThreads=5;3;0;25158470;326991402;1158746973
20.2.0.r11-grl; -XX:ParallelGCThreads=1;3;0;24921788;324828898;1157471097
20.2.0.r11-grl; -XX:ConcGCThreads=1;3;0;25107387;325798322;1146829523
20.2.0.r11-grl; -XX:+DisableExplicitGC;3;0;25210702;327993965;1165061654
20.2.0.r11-grl; -XX:+UseParallelGC;3;0;24966609;324865360;1154741001
20.2.0.r11-grl; -XX:+UseParallelOldGC;3;0;24982330;324901514;1147669548
20.2.0.r11-grl; -XX:MaxGCPauseMillis=5000 -XX:GCTimeRatio=2;3;0;25004647;326505320;1164451060
15.0.1.j9-adpt; -Xgc:concurrentScavenge;3;0;17207233;222179379;792079454
15.0.1.j9-adpt; -Xgc:scvNoAdaptiveTenure;3;0;17117958;219892181;787897214
15.0.1.j9-adpt; -Xgcpolicy:balanced;3;0;17427908;223641462;798046906
15.0.1.j9-adpt; -Xgcpolicy:gencon;3;0;17082305;220959509;785915042
15.0.1.j9-adpt; -Xgcpolicy:metronome;3;0;17820538;231066522;830932993
15.0.1.j9-adpt; -Xgcpolicy:nogc;3;0;16967689;220146651;788574154
15.0.1.j9-adpt; -Xgcpolicy:optavgpause;3;0;17187051;223356729;797398166
15.0.1.j9-adpt; -Xgcpolicy:optthruput;3;0;17024656;218865780;784486579
15.0.1-open; -XX:+UseG1GC;3;0;20503053;264790996;950047617
15.0.1-open; -XX:ParallelGCThreads=5;3;0;20434022;264999305;936133346
15.0.1-open; -XX:ConcGCThreads=5;3;0;20362432;264732962;930610960
15.0.1-open; -XX:ParallelGCThreads=1;3;0;20300728;263934087;938969520
15.0.1-open; -XX:ConcGCThreads=1;3;0;20471716;265072545;946164692
15.0.1-open; -XX:+DisableExplicitGC;3;0;20295901;263809271;941602692
15.0.1-open; -XX:+UseParallelGC;3;0;20411595;266038007;943458095
15.0.1-open; -XX:+UseParallelOldGC;3;0;20523060;264755148;942939724
15.0.1-open; -XX:+UseSerialGC;3;0;20399187;262921917;935031909
15.0.1-open; -XX:+UnlockExperimentalVMOptions -XX:+UseEpsilonGC -XX:+AlwaysPreTouch;3;0;21026771;272892790;966746671
16.0.0.j9-adpt;deafult;4;0;17060137;219877510;778195578
16.0.0.hs-adpt;deafult;4;0;19131434;248136548;893559541
11.0.11.j9-adpt;deafult;4;0;17143743;221170741;791264149
11.0.11.hs-adpt;deafult;4;0;18911841;246066687;867206398
11.0.10.j9-adpt;deafult;4;0;16984284;219662467;794818887
11.0.10.hs-adpt;deafult;4;0;20432826;264496928;938296059
8.0.292.j9-adpt;deafult;4;0;17123246;220721640;784850591
8.0.292.hs-adpt;deafult;4;0;23707652;308417032;1118876469
8.0.282.j9-adpt;deafult;4;0;16966796;218721395;778136009
8.0.282.hs-adpt;deafult;4;0;23575180;307260199;1093368538
11.0.9.4-albba;deafult;4;0;20474827;264679336;939874426
8.5.5-albba;deafult;4;0;23729556;307372288;1093795601
16.0.1.9.1-amzn;deafult;4;0;19114864;246237925;894231536
16.0.0.36.1-amzn;deafult;4;0;19055363;245084810;867961888
15.0.2.7.1-amzn;deafult;4;0;20400121;263577476;938497109
11.0.11.9.1-amzn;deafult;4;0;19200726;248499862;886254506
11.0.10.9.1-amzn;deafult;4;0;20473846;263857436;935282273
8.292.10.1-amzn;deafult;4;0;23681320;307251754;1125930834
8.282.08.1-amzn;deafult;4;0;23648953;306040346;1117076548
16.0.0-zulu;deafult;4;0;19079692;245164568;867228981
16.0.0.fx-zulu;deafult;4;0;19272566;249332105;885744132
15.0.2.fx-zulu;deafult;4;0;20351086;263768037;929738403
11.0.11-zulu;deafult;4;0;19156373;248974084;881366701
11.0.10-zulu;deafult;4;0;20453806;264945098;937578167
11.0.10.fx-zulu;deafult;4;0;20466070;264805669;950005565
8.0.292-zulu;deafult;4;0;23806738;308095977;1093436471
8.0.282-zulu;deafult;4;0;23726400;307863478;1090961868
8.0.282.fx-zulu;deafult;4;0;23707479;306305724;1111195398
16.0.1.fx-librca;deafult;4;0;18885450;244718589;869275301
16.0.1-librca;deafult;4;0;19181626;246157354;864775374
16.0.0.fx-librca;deafult;4;0;19175657;247673463;880540166
16.0.0-librca;deafult;4;0;19046979;245672698;869948213
11.0.11.fx-librca;deafult;4;0;18416761;235980805;845580415
11.0.11-librca;deafult;4;0;18395003;238746509;842361369
11.0.10.fx-librca;deafult;4;0;20586062;264751169;935892685
11.0.10-librca;deafult;4;0;19664023;253629125;912319442
8.0.292.fx-librca;deafult;4;0;23454471;303866047;1105659889
8.0.292-librca;deafult;4;0;23656075;306215026;1093812263
8.0.282.fx-librca;deafult;4;0;23741405;306629366;1119238955
8.0.282-librca;deafult;4;0;23849537;307645485;1094380134
21.1.0.r16-grl;deafult;4;0;25019696;322746845;1134647364
21.1.0.r11-grl;deafult;4;0;24807866;321598595;1127415083
21.1.0.r8-grl;deafult;4;0;24877997;325689202;1176933388
21.0.0.2.r11-grl;deafult;4;0;24677464;320181662;1137697344
21.0.0.2.r8-grl;deafult;4;0;25415184;332714397;1218609245
20.3.2.r11-grl;deafult;4;0;24888403;323228704;1142711858
20.3.2.r8-grl;deafult;4;0;24615943;320676786;1162846205
20.3.1.2.r11-grl;deafult;4;0;24714310;320552198;1146568354
20.3.1.2.r8-grl;deafult;4;0;24761121;321121204;1164379893
19.3.6.r11-grl;deafult;4;0;25093118;327602514;1154315954
19.3.6.r8-grl;deafult;4;0;24718194;320377151;1147955497
19.3.5.r11-grl;deafult;4;0;24637755;321871225;1137065815
19.3.5.r8-grl;deafult;4;0;24928242;325197078;1163648998
17.ea.19-open;deafult;4;0;18934304;244786658;883982356
17.ea.6.lm-open;deafult;4;0;19153419;251015870;886017202
17.ea.2.pma-open;deafult;4;0;18973260;244671066;885527274
16-open;deafult;4;0;19103359;250210033;906262817
16.0.1-open;deafult;4;0;19012502;247611115;875394854
11.0.11-open;deafult;4;0;18427930;237470748;844393102
11.0.10-open;deafult;4;0;20015525;262923891;937775248
11.0.2-open;deafult;4;0;20458927;264187379;936284529
8.0.292-open;deafult;4;0;23702733;307571386;1093942573
8.0.282-open;deafult;4;0;23706462;306225262;1116794932
8.0.265-open;deafult;4;0;23595688;306504012;1086495143
21.0.0.0-mandrel;deafult;4;0;20438962;264397847;961953714
20.3.1.2-mandrel;deafult;4;0;20348648;263230839;941838958
11.0.11.9.1-ms;deafult;4;0;19079311;246149353;872572473
11.0.10.9-ms;deafult;4;0;19833868;256099463;904029240
16-sapmchn;deafult;4;0;19108827;248307557;878333689
16.0.1-sapmchn;deafult;4;0;19026676;245317751;872225489
15.0.2-sapmchn;deafult;4;0;20498538;264535455;944712608
11.0.11-sapmchn;deafult;4;0;18991004;244730676;871159574
11.0.10-sapmchn;deafult;4;0;20480191;267491644;956692069
11.0.9-trava;deafult;4;0;20432338;263524110;948400893
8.0.232-trava;deafult;4;0;23805108;311232707;1109072723
20.2.0.r11-grl; -XX:-UseJVMCICompiler;4;0;19727583;256493820;926343942
20.2.0.r11-grl; -Dgraal.CompilerConfiguration=community;4;0;25107943;327619558;1159852072
20.2.0.r11-grl; -Dgraal.CompilerConfiguration=economy;4;0;17658689;227230980;831771858
15.0.1.j9-adpt; -XcompilationThreads1;4;0;17275924;226579368;811097777
15.0.1.j9-adpt; -XcompilationThreads3;4;0;17265375;223333059;796851841
15.0.1.j9-adpt; -XcompilationThreads7;4;0;17222459;222766791;796989291
15.0.1.j9-adpt; -Xjit:count=0;4;0;23358179;304505159;1101507251
15.0.1.j9-adpt; -Xjit:count=1;4;0;15765260;202127857;747814858
15.0.1.j9-adpt; -Xjit:count=10;4;0;16764770;215911948;787440794
15.0.1.j9-adpt; -Xjit:count=100;4;0;18255837;240643848;896954430
15.0.1.j9-adpt; -Xjit:optlevel=cold;4;0;23598560;306900742;1109205047
15.0.1.j9-adpt; -Xjit:optlevel=warm;4;0;16050031;209455914;764706417
15.0.1.j9-adpt; -Xjit:optlevel=hot;4;0;25320250;329097568;1189325264
15.0.1.j9-adpt; -Xjit:optlevel=veryhot;4;0;25373647;329670782;1171774770
15.0.1.j9-adpt; -Xjit:optlevel=scorching;4;0;25338910;329588577;1178388035
15.0.1-open; -XX:-TieredCompilation;4;0;20438662;264272142;942393279
15.0.1-open; -XX:TieredStopAtLevel=1;4;0;14879752;189964616;697428086
15.0.1-open; -XX:TieredStopAtLevel=2;4;0;25861585;334713877;1224792274
15.0.1-open; -XX:TieredStopAtLevel=3;4;0;38634516;504264852;1877408646
15.0.1-open; -XX:TieredStopAtLevel=4;4;0;20386308;262303430;925101574
15.0.1-open; -XX:+UnlockExperimentalVMOptions -XX:+EnableJVMCI -XX:-UseJVMCICompiler;4;0;20494153;264512903;931097531
20.2.0.r11-grl; -XX:+UseG1GC;4;0;24926624;322903073;1143316043
20.2.0.r11-grl; -XX:ParallelGCThreads=5;4;0;24934225;322455945;1129467872
20.2.0.r11-grl; -XX:ConcGCThreads=5;4;0;24932905;326698880;1144756835
20.2.0.r11-grl; -XX:ParallelGCThreads=1;4;0;25097491;324711900;1146386409
20.2.0.r11-grl; -XX:ConcGCThreads=1;4;0;24968368;323165269;1143809206
20.2.0.r11-grl; -XX:+DisableExplicitGC;4;0;25038561;322851130;1142708256
20.2.0.r11-grl; -XX:+UseParallelGC;4;0;24969490;322521017;1145227537
20.2.0.r11-grl; -XX:+UseParallelOldGC;4;0;24998206;323960823;1136201132
20.2.0.r11-grl; -XX:MaxGCPauseMillis=5000 -XX:GCTimeRatio=2;4;0;25256489;327996519;1169407040
15.0.1.j9-adpt; -Xgc:concurrentScavenge;4;0;17113251;218671012;775350371
15.0.1.j9-adpt; -Xgc:scvNoAdaptiveTenure;4;0;17125586;219615297;795211344
15.0.1.j9-adpt; -Xgcpolicy:balanced;4;0;17256205;221141747;784762334
15.0.1.j9-adpt; -Xgcpolicy:gencon;4;0;17131078;219279952;787709899
15.0.1.j9-adpt; -Xgcpolicy:metronome;4;0;17763046;227504253;807904182
15.0.1.j9-adpt; -Xgcpolicy:nogc;4;0;17056232;218132789;799418546
15.0.1.j9-adpt; -Xgcpolicy:optavgpause;4;0;17020862;217617684;763116210
15.0.1.j9-adpt; -Xgcpolicy:optthruput;4;0;17235187;221172868;788230160
15.0.1-open; -XX:+UseG1GC;4;0;20291757;261531468;940388401
15.0.1-open; -XX:ParallelGCThreads=5;4;0;20434053;262932871;920941551
15.0.1-open; -XX:ConcGCThreads=5;4;0;20347477;262910747;923931778
15.0.1-open; -XX:ParallelGCThreads=1;4;0;20415084;263721510;939951695
15.0.1-open; -XX:ConcGCThreads=1;4;0;20403875;262758023;927700751
15.0.1-open; -XX:+DisableExplicitGC;4;0;20341748;262065973;909251273
15.0.1-open; -XX:+UseParallelGC;4;0;20384871;264627989;932337762
15.0.1-open; -XX:+UseParallelOldGC;4;0;20336399;261774983;921128623
15.0.1-open; -XX:+UseSerialGC;4;0;20454485;262221009;927682256
15.0.1-open; -XX:+UnlockExperimentalVMOptions -XX:+UseEpsilonGC -XX:+AlwaysPreTouch;4;0;20880813;270458024;936505171
16.0.0.j9-adpt;deafult;5;0;17053205;219250577;777118372
16.0.0.hs-adpt;deafult;5;0;19017111;244605889;858708374
11.0.11.j9-adpt;deafult;5;0;17141157;219093124;768909653
11.0.11.hs-adpt;deafult;5;0;19030080;243867985;860497980
11.0.10.j9-adpt;deafult;5;0;17459599;222707014;789327873
11.0.10.hs-adpt;deafult;5;0;19532914;251226582;886594349
8.0.292.j9-adpt;deafult;5;0;17008411;218118315;782620555
8.0.292.hs-adpt;deafult;5;0;23529994;302751518;1076354483
8.0.282.j9-adpt;deafult;5;0;17023940;219197394;784767583
8.0.282.hs-adpt;deafult;5;0;23727641;304999518;1069727181
11.0.9.4-albba;deafult;5;0;20317290;264005249;929894836
8.5.5-albba;deafult;5;0;23535189;303946724;1074828854
16.0.1.9.1-amzn;deafult;5;0;19003340;244499049;859434812
16.0.0.36.1-amzn;deafult;5;0;18952626;243774380;854693063
15.0.2.7.1-amzn;deafult;5;0;20264601;262327052;932609978
11.0.11.9.1-amzn;deafult;5;0;18420970;235986282;829956738
11.0.10.9.1-amzn;deafult;5;0;19785168;253635047;892545445
8.292.10.1-amzn;deafult;5;0;23521610;303412679;1079992169
8.282.08.1-amzn;deafult;5;0;23529870;306605162;1096389772
16.0.0-zulu;deafult;5;0;18949064;243945509;857407899
16.0.0.fx-zulu;deafult;5;0;18963556;243485164;864543808
15.0.2.fx-zulu;deafult;5;0;20327101;261191579;914657753
11.0.11-zulu;deafult;5;0;18364208;236500729;830072582
11.0.10-zulu;deafult;5;0;20445820;263220986;951924687
11.0.10.fx-zulu;deafult;5;0;19732802;253564942;892720065
8.0.292-zulu;deafult;5;0;23541292;304348594;1073151123
8.0.282-zulu;deafult;5;0;23588373;308308617;1089604326
8.0.282.fx-zulu;deafult;5;0;23594941;305232904;1074909418
16.0.1.fx-librca;deafult;5;0;19053314;243678189;855444343
16.0.1-librca;deafult;5;0;18979264;242458182;850553181
16.0.0.fx-librca;deafult;5;0;18927889;245876906;871540860
16.0.0-librca;deafult;5;0;18996812;243615795;854614939
11.0.11.fx-librca;deafult;5;0;19054427;245570370;859802974
11.0.11-librca;deafult;5;0;19038410;243548643;874214802
11.0.10.fx-librca;deafult;5;0;19665075;254213540;893139925
11.0.10-librca;deafult;5;0;20285051;260879871;914975440
8.0.292.fx-librca;deafult;5;0;23666259;304592354;1102569687
8.0.292-librca;deafult;5;0;23412724;302991882;1060398042
8.0.282.fx-librca;deafult;5;0;23510980;306664051;1098578608
8.0.282-librca;deafult;5;0;23593145;304723566;1079125289
21.1.0.r16-grl;deafult;5;0;24381846;318013867;1119175663
21.1.0.r11-grl;deafult;5;0;24703965;318893111;1111059227
21.1.0.r8-grl;deafult;5;0;24586162;318205316;1140079540
21.0.0.2.r11-grl;deafult;5;0;24776622;319710329;1124213309
21.0.0.2.r8-grl;deafult;5;0;24684651;319085325;1144695129
20.3.2.r11-grl;deafult;5;0;24775941;319993028;1113673723
20.3.2.r8-grl;deafult;5;0;24538073;318305162;1138995802
20.3.1.2.r11-grl;deafult;5;0;24784062;321273103;1121490415
20.3.1.2.r8-grl;deafult;5;0;24740606;318944367;1140503000
19.3.6.r11-grl;deafult;5;0;24796024;320970194;1123090202
19.3.6.r8-grl;deafult;5;0;24567586;317997908;1127078779
19.3.5.r11-grl;deafult;5;0;24707876;322356801;1128048321
19.3.5.r8-grl;deafult;5;0;24904739;321459395;1142725651
17.ea.19-open;deafult;5;0;18951561;243388958;849189720
17.ea.6.lm-open;deafult;5;0;19141947;246792366;866033794
17.ea.2.pma-open;deafult;5;0;18932873;242832451;860625726
16-open;deafult;5;0;19074888;244247426;865054731
16.0.1-open;deafult;5;0;19043033;243375386;871313687
11.0.11-open;deafult;5;0;18959386;243333648;859904049
11.0.10-open;deafult;5;0;19662565;256710101;900851698
11.0.2-open;deafult;5;0;20540934;264176302;953375978
8.0.292-open;deafult;5;0;23599288;304321713;1070000007
8.0.282-open;deafult;5;0;23575573;304272661;1092601207
8.0.265-open;deafult;5;0;23490147;302532393;1066860367
21.0.0.0-mandrel;deafult;5;0;20338493;261068490;916877047
20.3.1.2-mandrel;deafult;5;0;20368132;262015178;933541434
11.0.11.9.1-ms;deafult;5;0;18953322;245793843;864242050
11.0.10.9-ms;deafult;5;0;20339175;261164543;923815262
16-sapmchn;deafult;5;0;19027903;245080587;860288020
16.0.1-sapmchn;deafult;5;0;18990040;243240303;858787230
15.0.2-sapmchn;deafult;5;0;20401671;264712766;932775444
11.0.11-sapmchn;deafult;5;0;19068132;244954990;857912720
11.0.10-sapmchn;deafult;5;0;20314214;262618625;928865970
11.0.9-trava;deafult;5;0;19756803;253610336;892286534
8.0.232-trava;deafult;5;0;23584932;305069668;1071256963
20.2.0.r11-grl; -XX:-UseJVMCICompiler;5;0;19651562;252486505;892152624
20.2.0.r11-grl; -Dgraal.CompilerConfiguration=community;5;0;25004790;323534748;1156131683
20.2.0.r11-grl; -Dgraal.CompilerConfiguration=economy;5;0;17567220;225179922;808250433
15.0.1.j9-adpt; -XcompilationThreads1;5;0;17084601;221325899;775951688
15.0.1.j9-adpt; -XcompilationThreads3;5;0;17154114;219986782;771033732
15.0.1.j9-adpt; -XcompilationThreads7;5;0;17162231;219604846;777303003
15.0.1.j9-adpt; -Xjit:count=0;5;0;23316963;302139182;1105410378
15.0.1.j9-adpt; -Xjit:count=1;5;0;15657332;201009258;734853038
15.0.1.j9-adpt; -Xjit:count=10;5;0;15012313;191703569;698964703
15.0.1.j9-adpt; -Xjit:count=100;5;0;17605715;226106644;806369152
15.0.1.j9-adpt; -Xjit:optlevel=cold;5;0;23792970;310225325;1119094424
15.0.1.j9-adpt; -Xjit:optlevel=warm;5;0;16042808;204910116;718354424
15.0.1.j9-adpt; -Xjit:optlevel=hot;5;0;25745734;334250700;1201477820
15.0.1.j9-adpt; -Xjit:optlevel=veryhot;5;0;25334453;326117280;1181929653
15.0.1.j9-adpt; -Xjit:optlevel=scorching;5;0;25352596;328172897;1205452542
15.0.1-open; -XX:-TieredCompilation;5;0;20342240;261994768;911907395
15.0.1-open; -XX:TieredStopAtLevel=1;5;0;14940146;189921608;681846521
15.0.1-open; -XX:TieredStopAtLevel=2;5;0;25902361;337598692;1246151473
15.0.1-open; -XX:TieredStopAtLevel=3;5;0;38363625;501650188;1866665326
15.0.1-open; -XX:TieredStopAtLevel=4;5;0;20394634;262362672;929115053
15.0.1-open; -XX:+UnlockExperimentalVMOptions -XX:+EnableJVMCI -XX:-UseJVMCICompiler;5;0;20417694;263443295;938285439
20.2.0.r11-grl; -XX:+UseG1GC;5;0;24992847;323722051;1127972210
20.2.0.r11-grl; -XX:ParallelGCThreads=5;5;0;24939190;325655467;1136089499
20.2.0.r11-grl; -XX:ConcGCThreads=5;5;0;24972125;324640129;1155404391
20.2.0.r11-grl; -XX:ParallelGCThreads=1;5;0;25014467;323421743;1139717054
20.2.0.r11-grl; -XX:ConcGCThreads=1;5;0;25058985;326049885;1146508968
20.2.0.r11-grl; -XX:+DisableExplicitGC;5;0;25004724;323663130;1131053684
20.2.0.r11-grl; -XX:+UseParallelGC;5;0;25058607;328297669;1151013838
20.2.0.r11-grl; -XX:+UseParallelOldGC;5;0;25090937;325187852;1146760858
20.2.0.r11-grl; -XX:MaxGCPauseMillis=5000 -XX:GCTimeRatio=2;5;0;24958490;323036413;1135170434
15.0.1.j9-adpt; -Xgc:concurrentScavenge;5;0;16949998;217722395;783712410
15.0.1.j9-adpt; -Xgc:scvNoAdaptiveTenure;5;0;17464851;223734241;785643618
15.0.1.j9-adpt; -Xgcpolicy:balanced;5;0;17153636;223119288;784308234
15.0.1.j9-adpt; -Xgcpolicy:gencon;5;0;17118126;220161874;772013954
15.0.1.j9-adpt; -Xgcpolicy:metronome;5;0;17688590;229361229;810213747
15.0.1.j9-adpt; -Xgcpolicy:nogc;5;0;16969731;217946235;761390019
15.0.1.j9-adpt; -Xgcpolicy:optavgpause;5;0;17166005;219654802;773440646
15.0.1.j9-adpt; -Xgcpolicy:optthruput;5;0;17078124;219432278;769546614
15.0.1-open; -XX:+UseG1GC;5;0;20346338;262869315;925256054
15.0.1-open; -XX:ParallelGCThreads=5;5;0;20416939;263110383;925236340
